ID,File,Book,Chapter,Set,Set item,Printed question number,Question PDF page,Answer PDF page,Reading PDF pages,Printed marked option position (1-based),Scoring status
b1-c1-s1-q01,Copy of Book 1.pdf,1,1,1,1,1,46,216,13–14,1,marked
b1-c1-s1-q02,Copy of Book 1.pdf,1,1,1,2,2,46,216,13–14,2,marked
b1-c1-s1-q03,Copy of Book 1.pdf,1,1,1,3,3,47,217,13–14,3,marked
b1-c1-s1-q04,Copy of Book 1.pdf,1,1,1,4,4,47,217,13–14,4,marked
b1-c1-s1-q05,Copy of Book 1.pdf,1,1,1,5,5,47,217,13–14,5,disputed
b1-c1-s1-q06,Copy of Book 1.pdf,1,1,1,6,6,47,217,13–14,5,marked
b1-c1-s1-q07,Copy of Book 1.pdf,1,1,1,7,7,47,217,13–14,2,marked
b1-c1-s1-q08,Copy of Book 1.pdf,1,1,1,8,8,48,218,13–14,1,marked
b1-c1-s1-q09,Copy of Book 1.pdf,1,1,1,9,9,48,218,13–14,3,marked
b1-c1-s1-q10,Copy of Book 1.pdf,1,1,1,10,10,48,218,13–14,4,marked
b1-c1-s1-q11,Copy of Book 1.pdf,1,1,1,11,11,48,218,13–14,5,marked
b1-c1-s1-q12,Copy of Book 1.pdf,1,1,1,12,12,49,219,13–14,2,marked
b1-c1-s1-q13,Copy of Book 1.pdf,1,1,1,13,13,49,219,13–14,1,marked
b1-c1-s1-q14,Copy of Book 1.pdf,1,1,1,14,14,49,219,13–14,2,marked
b1-c1-s1-q15,Copy of Book 1.pdf,1,1,1,15,15,49,219,13–14,4,marked
b1-c1-s1-q16,Copy of Book 1.pdf,1,1,1,16,16,50,220,13–14,5,marked
b1-c1-s1-q17,Copy of Book 1.pdf,1,1,1,17,17,50,220,13–14,1,marked
b1-c1-s1-q18,Copy of Book 1.pdf,1,1,1,18,18,50,220,13–14,3,marked
b1-c1-s1-q19,Copy of Book 1.pdf,1,1,1,19,19,50,220,13–14,4,marked
b1-c1-s1-q20,Copy of Book 1.pdf,1,1,1,20,20,50,220,13–14,5,marked
b1-c1-s1-q21,Copy of Book 1.pdf,1,1,1,21,21,51,221,13–14,1,marked
b1-c1-s1-q22,Copy of Book 1.pdf,1,1,1,22,22,51,221,13–14,5,marked
b1-c1-s1-q23,Copy of Book 1.pdf,1,1,1,23,23,51,221,13–14,2,marked
b1-c1-s1-q24,Copy of Book 1.pdf,1,1,1,24,24,51,221,13–14,2,marked
b1-c1-s1-q25,Copy of Book 1.pdf,1,1,1,25,25,52,222,13–14,1,marked
b1-c1-s1-q26,Copy of Book 1.pdf,1,1,1,26,26,52,222,13–14,3,marked
b1-c1-s1-q27,Copy of Book 1.pdf,1,1,1,27,27,52,222,13–14,4,marked
b1-c1-s1-q28,Copy of Book 1.pdf,1,1,1,28,28,52,222,13–14,2,marked
b1-c1-s1-q29,Copy of Book 1.pdf,1,1,1,29,29,52,222,13–14,2,marked
b1-c1-s1-q30,Copy of Book 1.pdf,1,1,1,30,30,53,223,13–14,4,marked
b1-c1-s2-q01,Copy of Book 1.pdf,1,1,2,1,1,54,224,14–15,1,marked
b1-c1-s2-q02,Copy of Book 1.pdf,1,1,2,2,2,54,224,14–15,2,marked
b1-c1-s2-q03,Copy of Book 1.pdf,1,1,2,3,3,54,224,14–15,3,marked
b1-c1-s2-q04,Copy of Book 1.pdf,1,1,2,4,4,54,224,14–15,4,marked
b1-c1-s2-q05,Copy of Book 1.pdf,1,1,2,5,5,55,225,14–15,2,marked
b1-c1-s2-q06,Copy of Book 1.pdf,1,1,2,6,6,55,225,14–15,5,marked
b1-c1-s2-q07,Copy of Book 1.pdf,1,1,2,7,7,55,225,14–15,1,marked
b1-c1-s2-q08,Copy of Book 1.pdf,1,1,2,8,8,55,225,14–15,3,marked
b1-c1-s2-q09,Copy of Book 1.pdf,1,1,2,9,9,55,225,14–15,4,marked
b1-c1-s2-q10,Copy of Book 1.pdf,1,1,2,10,10,56,226,14–15,2,marked
b1-c1-s2-q11,Copy of Book 1.pdf,1,1,2,11,11,56,226,14–15,5,marked
b1-c1-s2-q12,Copy of Book 1.pdf,1,1,2,12,12,56,226,14–15,1,marked
b1-c1-s2-q13,Copy of Book 1.pdf,1,1,2,13,13,56,226,14–15,2,marked
b1-c1-s2-q14,Copy of Book 1.pdf,1,1,2,14,14,56,226,14–15,4,marked
b1-c1-s2-q15,Copy of Book 1.pdf,1,1,2,15,15,57,227,14–15,1,marked
b1-c1-s2-q16,Copy of Book 1.pdf,1,1,2,16,16,57,227,14–15,2,note
b1-c1-s2-q17,Copy of Book 1.pdf,1,1,2,17,17,57,227,14–15,3,disputed
b1-c1-s2-q18,Copy of Book 1.pdf,1,1,2,18,18,57,227,14–15,1,marked
b1-c1-s2-q19,Copy of Book 1.pdf,1,1,2,19,19,57,227,14–15,3,marked
b1-c1-s2-q20,Copy of Book 1.pdf,1,1,2,20,20,58,228,14–15,4,marked
b1-c1-s2-q21,Copy of Book 1.pdf,1,1,2,21,21,58,228,14–15,2,marked
b1-c1-s2-q22,Copy of Book 1.pdf,1,1,2,22,22,58,228,14–15,1,marked
b1-c1-s2-q23,Copy of Book 1.pdf,1,1,2,23,23,58,228,14–15,3,marked
b1-c1-s2-q24,Copy of Book 1.pdf,1,1,2,24,24,59,229,14–15,1,note
b1-c1-s2-q25,Copy of Book 1.pdf,1,1,2,25,25,59,229,14–15,5,note
b1-c1-s2-q26,Copy of Book 1.pdf,1,1,2,26,26,59,229,14–15,3,marked
b1-c1-s2-q27,Copy of Book 1.pdf,1,1,2,27,27,59,229,14–15,2,marked
b1-c1-s2-q28,Copy of Book 1.pdf,1,1,2,28,28,59,229,14–15,1,note
b1-c1-s2-q29,Copy of Book 1.pdf,1,1,2,29,29,60,230,14–15,4,marked
b1-c1-s2-q30,Copy of Book 1.pdf,1,1,2,30,30,60,230,14–15,1,marked
b1-c2-s1-q01,Copy of Book 1.pdf,1,2,1,1,1,77,247,19–20,1,marked
b1-c2-s1-q02,Copy of Book 1.pdf,1,2,1,2,2,77,247,19–20,2,marked
b1-c2-s1-q03,Copy of Book 1.pdf,1,2,1,3,3,77,247,19–20,3,marked
b1-c2-s1-q04,Copy of Book 1.pdf,1,2,1,4,4,78,248,19–20,1,marked
b1-c2-s1-q05,Copy of Book 1.pdf,1,2,1,5,5,78,248,19–20,5,marked
b1-c2-s1-q06,Copy of Book 1.pdf,1,2,1,6,6,78,248,19–20,2,marked
b1-c2-s1-q07,Copy of Book 1.pdf,1,2,1,7,7,78,248,19–20,2,marked
b1-c2-s1-q08,Copy of Book 1.pdf,1,2,1,8,8,79,249,19–20,2,marked
b1-c2-s1-q09,Copy of Book 1.pdf,1,2,1,9,9,79,249,19–20,5,marked
b1-c2-s1-q10,Copy of Book 1.pdf,1,2,1,10,10,79,249,19–20,5,marked
b1-c2-s1-q11,Copy of Book 1.pdf,1,2,1,11,11,79,249,19–20,1,marked
b1-c2-s1-q12,Copy of Book 1.pdf,1,2,1,12,12,79,249,19–20,3,marked
b1-c2-s1-q13,Copy of Book 1.pdf,1,2,1,13,13,80,250,19–20,1,marked
b1-c2-s1-q14,Copy of Book 1.pdf,1,2,1,14,14,80,250,19–20,2,marked
b1-c2-s1-q15,Copy of Book 1.pdf,1,2,1,15,15,80,250,19–20,3,marked
b1-c2-s1-q16,Copy of Book 1.pdf,1,2,1,16,16,80,250,19–20,4,note
b1-c2-s1-q17,Copy of Book 1.pdf,1,2,1,17,17,81,251,19–20,1,marked
b1-c2-s1-q18,Copy of Book 1.pdf,1,2,1,18,18,81,251,19–20,2,marked
b1-c2-s1-q19,Copy of Book 1.pdf,1,2,1,19,19,81,251,19–20,2,note
b1-c2-s1-q20,Copy of Book 1.pdf,1,2,1,20,20,81,251,19–20,2,marked
b1-c2-s1-q21,Copy of Book 1.pdf,1,2,1,21,21,81,251,19–20,4,marked
b1-c2-s1-q22,Copy of Book 1.pdf,1,2,1,22,22,82,252,19–20,5,marked
b1-c2-s1-q23,Copy of Book 1.pdf,1,2,1,23,23,82,252,19–20,1,marked
b1-c2-s1-q24,Copy of Book 1.pdf,1,2,1,24,24,82,252,19–20,2,disputed
b1-c2-s1-q25,Copy of Book 1.pdf,1,2,1,25,25,82,252,19–20,1,marked
b1-c2-s1-q26,Copy of Book 1.pdf,1,2,1,26,26,83,253,19–20,3,marked
b1-c2-s1-q27,Copy of Book 1.pdf,1,2,1,27,27,83,253,19–20,1,marked
b1-c2-s1-q28,Copy of Book 1.pdf,1,2,1,28,28,83,253,19–20,2,marked
b1-c2-s1-q29,Copy of Book 1.pdf,1,2,1,29,29,83,253,19–20,2,marked
b1-c2-s1-q30,Copy of Book 1.pdf,1,2,1,30,30,83,253,19–20,2,marked
b1-c2-s2-q01,Copy of Book 1.pdf,1,2,2,1,1,85,255,20–21,2,marked
b1-c2-s2-q02,Copy of Book 1.pdf,1,2,2,2,2,85,255,20–21,5,marked
b1-c2-s2-q03,Copy of Book 1.pdf,1,2,2,3,3,85,255,20–21,3,marked
b1-c2-s2-q04,Copy of Book 1.pdf,1,2,2,4,4,85,255,20–21,4,marked
b1-c2-s2-q05,Copy of Book 1.pdf,1,2,2,5,5,86,256,20–21,1,marked
b1-c2-s2-q06,Copy of Book 1.pdf,1,2,2,6,6,86,256,20–21,1,marked
b1-c2-s2-q07,Copy of Book 1.pdf,1,2,2,7,7,86,256,20–21,3,marked
b1-c2-s2-q08,Copy of Book 1.pdf,1,2,2,8,8,86,256,20–21,4,marked
b1-c2-s2-q09,Copy of Book 1.pdf,1,2,2,9,9,87,257,20–21,1,marked
b1-c2-s2-q10,Copy of Book 1.pdf,1,2,2,10,10,87,257,20–21,,unresolved
b1-c2-s2-q11,Copy of Book 1.pdf,1,2,2,11,11,87,257,20–21,1,marked
b1-c2-s2-q12,Copy of Book 1.pdf,1,2,2,12,12,87,257,20–21,2,marked
b1-c2-s2-q13,Copy of Book 1.pdf,1,2,2,13,13,88,258,20–21,4,marked
b1-c2-s2-q14,Copy of Book 1.pdf,1,2,2,14,14,88,258,20–21,2,marked
b1-c2-s2-q15,Copy of Book 1.pdf,1,2,2,15,15,88,258,20–21,2,marked
b1-c2-s2-q16,Copy of Book 1.pdf,1,2,2,16,16,88,258,20–21,5,marked
b1-c2-s2-q17,Copy of Book 1.pdf,1,2,2,17,17,89,259,20–21,4,marked
b1-c2-s2-q18,Copy of Book 1.pdf,1,2,2,18,18,89,259,20–21,3,marked
b1-c2-s2-q19,Copy of Book 1.pdf,1,2,2,19,19,89,259,20–21,2,marked
b1-c2-s2-q20,Copy of Book 1.pdf,1,2,2,20,20,89,259,20–21,1,marked
b1-c2-s2-q21,Copy of Book 1.pdf,1,2,2,21,21,89,260,20–21,1,marked
b1-c2-s2-q22,Copy of Book 1.pdf,1,2,2,22,22,90,260,20–21,1,marked
b1-c2-s2-q23,Copy of Book 1.pdf,1,2,2,23,23,90,260,20–21,2,marked
b1-c2-s2-q24,Copy of Book 1.pdf,1,2,2,24,24,90,260,20–21,3,note
b1-c2-s2-q25,Copy of Book 1.pdf,1,2,2,25,25,90,260,20–21,5,note
b1-c2-s2-q26,Copy of Book 1.pdf,1,2,2,26,26,91,261,20–21,2,marked
b1-c2-s2-q27,Copy of Book 1.pdf,1,2,2,27,27,91,261,20–21,3,marked
b1-c2-s2-q28,Copy of Book 1.pdf,1,2,2,28,28,91,261,20–21,1,marked
b1-c2-s2-q29,Copy of Book 1.pdf,1,2,2,29,29,91,261,20–21,4,marked
b1-c2-s2-q30,Copy of Book 1.pdf,1,2,2,30,30,91,261,20–21,4,marked
b1-c3-s1-q01,Copy of Book 1.pdf,1,3,1,1,1,115,285,26–27,1,marked
b1-c3-s1-q02,Copy of Book 1.pdf,1,3,1,2,2,115,285,26–27,5,marked
b1-c3-s1-q03,Copy of Book 1.pdf,1,3,1,3,3,116,286,26–27,2,marked
b1-c3-s1-q04,Copy of Book 1.pdf,1,3,1,4,4,116,286,26–27,4,marked
b1-c3-s1-q05,Copy of Book 1.pdf,1,3,1,5,5,116,286,26–27,5,marked
b1-c3-s1-q06,Copy of Book 1.pdf,1,3,1,6,6,116,286,26–27,1,marked
b1-c3-s1-q07,Copy of Book 1.pdf,1,3,1,7,7,116,286,26–27,3,marked
b1-c3-s1-q08,Copy of Book 1.pdf,1,3,1,8,8,117,287,26–27,2,marked
b1-c3-s1-q09,Copy of Book 1.pdf,1,3,1,9,9,117,287,26–27,3,marked
b1-c3-s1-q10,Copy of Book 1.pdf,1,3,1,10,10,117,287,26–27,2,disputed
b1-c3-s1-q11,Copy of Book 1.pdf,1,3,1,11,11,117,287,26–27,3,marked
b1-c3-s1-q12,Copy of Book 1.pdf,1,3,1,12,12,118,288,26–27,4,marked
b1-c3-s1-q13,Copy of Book 1.pdf,1,3,1,13,13,118,288,26–27,3,marked
b1-c3-s1-q14,Copy of Book 1.pdf,1,3,1,14,14,118,288,26–27,1,marked
b1-c3-s1-q15,Copy of Book 1.pdf,1,3,1,15,15,118,288,26–27,3,marked
b1-c3-s1-q16,Copy of Book 1.pdf,1,3,1,16,16,119,289,26–27,4,marked
b1-c3-s1-q17,Copy of Book 1.pdf,1,3,1,17,17,119,289,26–27,5,marked
b1-c3-s1-q18,Copy of Book 1.pdf,1,3,1,18,18,119,289,26–27,1,marked
b1-c3-s1-q19,Copy of Book 1.pdf,1,3,1,19,19,119,289,26–27,3,marked
b1-c3-s1-q20,Copy of Book 1.pdf,1,3,1,20,20,119,289,26–27,2,marked
b1-c3-s1-q21,Copy of Book 1.pdf,1,3,1,21,21,120,290,26–27,5,marked
b1-c3-s1-q22,Copy of Book 1.pdf,1,3,1,22,22,120,290,26–27,2,marked
b1-c3-s1-q23,Copy of Book 1.pdf,1,3,1,23,23,120,290,26–27,2,marked
b1-c3-s1-q24,Copy of Book 1.pdf,1,3,1,24,24,120,290,26–27,3,marked
b1-c3-s1-q25,Copy of Book 1.pdf,1,3,1,25,25,121,291,26–27,4,marked
b1-c3-s1-q26,Copy of Book 1.pdf,1,3,1,26,26,121,291,26–27,1,marked
b1-c3-s1-q27,Copy of Book 1.pdf,1,3,1,27,27,121,291,26–27,2,marked
b1-c3-s1-q28,Copy of Book 1.pdf,1,3,1,28,28,121,291,26–27,2,marked
b1-c3-s1-q29,Copy of Book 1.pdf,1,3,1,29,29,121,291,26–27,3,marked
b1-c3-s1-q30,Copy of Book 1.pdf,1,3,1,30,30,122,292,26–27,4,disputed
b1-c3-s2-q01,Copy of Book 1.pdf,1,3,2,1,1,123,293,27–28,2,marked
b1-c3-s2-q02,Copy of Book 1.pdf,1,3,2,2,2,123,293,27–28,1,marked
b1-c3-s2-q03,Copy of Book 1.pdf,1,3,2,3,3,123,293,27–28,2,disputed
b1-c3-s2-q04,Copy of Book 1.pdf,1,3,2,4,4,123,293,27–28,2,marked
b1-c3-s2-q05,Copy of Book 1.pdf,1,3,2,5,5,124,294,27–28,3,marked
b1-c3-s2-q06,Copy of Book 1.pdf,1,3,2,6,6,124,294,27–28,4,marked
b1-c3-s2-q07,Copy of Book 1.pdf,1,3,2,7,7,124,294,27–28,3,marked
b1-c3-s2-q08,Copy of Book 1.pdf,1,3,2,8,8,124,294,27–28,5,marked
b1-c3-s2-q09,Copy of Book 1.pdf,1,3,2,9,9,125,295,27–28,4,marked
b1-c3-s2-q10,Copy of Book 1.pdf,1,3,2,10,10,125,295,27–28,2,note
b1-c3-s2-q11,Copy of Book 1.pdf,1,3,2,11,11,125,295,27–28,1,marked
b1-c3-s2-q12,Copy of Book 1.pdf,1,3,2,12,12,125,295,27–28,2,marked
b1-c3-s2-q13,Copy of Book 1.pdf,1,3,2,13,13,126,296,27–28,1,marked
b1-c3-s2-q14,Copy of Book 1.pdf,1,3,2,14,14,126,296,27–28,3,marked
b1-c3-s2-q15,Copy of Book 1.pdf,1,3,2,15,15,126,296,27–28,3,marked
b1-c3-s2-q16,Copy of Book 1.pdf,1,3,2,16,16,126,296,27–28,4,marked
b1-c3-s2-q17,Copy of Book 1.pdf,1,3,2,17,17,127,297,27–28,2,marked
b1-c3-s2-q18,Copy of Book 1.pdf,1,3,2,18,18,127,297,27–28,2,marked
b1-c3-s2-q19,Copy of Book 1.pdf,1,3,2,19,19,127,297,27–28,3,marked
b1-c3-s2-q20,Copy of Book 1.pdf,1,3,2,20,20,127,297,27–28,1,marked
b1-c3-s2-q21,Copy of Book 1.pdf,1,3,2,21,21,127,297,27–28,3,marked
b1-c3-s2-q22,Copy of Book 1.pdf,1,3,2,22,22,128,298,27–28,1,marked
b1-c3-s2-q23,Copy of Book 1.pdf,1,3,2,23,23,128,298,27–28,2,marked
b1-c3-s2-q24,Copy of Book 1.pdf,1,3,2,24,24,128,298,27–28,4,marked
b1-c3-s2-q25,Copy of Book 1.pdf,1,3,2,25,25,128,298,27–28,2,marked
b1-c3-s2-q26,Copy of Book 1.pdf,1,3,2,26,26,129,299,27–28,2,marked
b1-c3-s2-q27,Copy of Book 1.pdf,1,3,2,27,27,129,299,27–28,2,marked
b1-c3-s2-q28,Copy of Book 1.pdf,1,3,2,28,28,129,299,27–28,4,marked
b1-c3-s2-q29,Copy of Book 1.pdf,1,3,2,29,29,129,299,27–28,2,marked
b1-c3-s2-q30,Copy of Book 1.pdf,1,3,2,30,30,130,300,27–28,3,marked
b1-c4-s1-q01,Copy of Book 1.pdf,1,4,1,1,1,149,319,32–33,5,marked
b1-c4-s1-q02,Copy of Book 1.pdf,1,4,1,2,2,149,319,32–33,4,marked
b1-c4-s1-q03,Copy of Book 1.pdf,1,4,1,3,3,150,320,32–33,3,marked
b1-c4-s1-q04,Copy of Book 1.pdf,1,4,1,4,4,150,320,32–33,2,marked
b1-c4-s1-q05,Copy of Book 1.pdf,1,4,1,5,5,150,320,32–33,1,marked
b1-c4-s1-q06,Copy of Book 1.pdf,1,4,1,6,6,150,320,32–33,5,marked
b1-c4-s1-q07,Copy of Book 1.pdf,1,4,1,7,7,150,320,32–33,1,marked
b1-c4-s1-q08,Copy of Book 1.pdf,1,4,1,8,8,151,321,32–33,2,marked
b1-c4-s1-q09,Copy of Book 1.pdf,1,4,1,9,9,151,321,32–33,3,marked
b1-c4-s1-q10,Copy of Book 1.pdf,1,4,1,10,10,151,321,32–33,2,marked
b1-c4-s1-q11,Copy of Book 1.pdf,1,4,1,11,11,151,321,32–33,1,marked
b1-c4-s1-q12,Copy of Book 1.pdf,1,4,1,12,12,151,322,32–33,2,marked
b1-c4-s1-q13,Copy of Book 1.pdf,1,4,1,13,13,152,322,32–33,3,marked
b1-c4-s1-q14,Copy of Book 1.pdf,1,4,1,14,14,152,322,32–33,2,marked
b1-c4-s1-q15,Copy of Book 1.pdf,1,4,1,15,15,152,322,32–33,1,marked
b1-c4-s1-q16,Copy of Book 1.pdf,1,4,1,16,16,152,322,32–33,2,marked
b1-c4-s1-q17,Copy of Book 1.pdf,1,4,1,17,17,153,323,32–33,1,marked
b1-c4-s1-q18,Copy of Book 1.pdf,1,4,1,18,18,153,323,32–33,3,marked
b1-c4-s1-q19,Copy of Book 1.pdf,1,4,1,19,19,153,323,32–33,2,note
b1-c4-s1-q20,Copy of Book 1.pdf,1,4,1,20,20,153,323,32–33,3,marked
b1-c4-s1-q21,Copy of Book 1.pdf,1,4,1,21,21,153,323,32–33,4,marked
b1-c4-s1-q22,Copy of Book 1.pdf,1,4,1,22,22,154,324,32–33,5,marked
b1-c4-s1-q23,Copy of Book 1.pdf,1,4,1,23,23,154,324,32–33,1,note
b1-c4-s1-q24,Copy of Book 1.pdf,1,4,1,24,24,154,324,32–33,3,marked
b1-c4-s1-q25,Copy of Book 1.pdf,1,4,1,25,25,154,324,32–33,5,marked
b1-c4-s1-q26,Copy of Book 1.pdf,1,4,1,26,26,154,325,32–33,4,marked
b1-c4-s1-q27,Copy of Book 1.pdf,1,4,1,27,27,155,325,32–33,2,marked
b1-c4-s1-q28,Copy of Book 1.pdf,1,4,1,28,28,155,325,32–33,3,note
b1-c4-s1-q29,Copy of Book 1.pdf,1,4,1,29,29,155,325,32–33,2,marked
b1-c4-s1-q30,Copy of Book 1.pdf,1,4,1,30,30,155,325,32–33,3,marked
b1-c4-s2-q01,Copy of Book 1.pdf,1,4,2,1,1,157,327,33–34,1,marked
b1-c4-s2-q02,Copy of Book 1.pdf,1,4,2,2,2,157,327,33–34,2,marked
b1-c4-s2-q03,Copy of Book 1.pdf,1,4,2,3,3,157,327,33–34,3,marked
b1-c4-s2-q04,Copy of Book 1.pdf,1,4,2,4,4,157,327,33–34,2,marked
b1-c4-s2-q05,Copy of Book 1.pdf,1,4,2,5,5,158,328,33–34,4,note
b1-c4-s2-q06,Copy of Book 1.pdf,1,4,2,6,6,158,328,33–34,1,marked
b1-c4-s2-q07,Copy of Book 1.pdf,1,4,2,7,7,158,328,33–34,1,marked
b1-c4-s2-q08,Copy of Book 1.pdf,1,4,2,8,8,158,328,33–34,4,marked
b1-c4-s2-q09,Copy of Book 1.pdf,1,4,2,9,9,158,328,33–34,3,marked
b1-c4-s2-q10,Copy of Book 1.pdf,1,4,2,10,40,159,329,33–34,2,note
b1-c4-s2-q11,Copy of Book 1.pdf,1,4,2,11,11,159,329,33–34,2,marked
b1-c4-s2-q12,Copy of Book 1.pdf,1,4,2,12,12,159,329,33–34,4,marked
b1-c4-s2-q13,Copy of Book 1.pdf,1,4,2,13,13,159,329,33–34,3,marked
b1-c4-s2-q14,Copy of Book 1.pdf,1,4,2,14,14,160,330,33–34,4,duplicate
b1-c4-s2-q15,Copy of Book 1.pdf,1,4,2,15,15,160,330,33–34,3,marked
b1-c4-s2-q16,Copy of Book 1.pdf,1,4,2,16,16,160,330,33–34,1,marked
b1-c4-s2-q17,Copy of Book 1.pdf,1,4,2,17,17,160,330,33–34,5,marked
b1-c4-s2-q18,Copy of Book 1.pdf,1,4,2,18,18,161,331,33–34,3,marked
b1-c4-s2-q19,Copy of Book 1.pdf,1,4,2,19,19,161,331,33–34,3,marked
b1-c4-s2-q20,Copy of Book 1.pdf,1,4,2,20,20,161,331,33–34,2,marked
b1-c4-s2-q21,Copy of Book 1.pdf,1,4,2,21,21,161,331,33–34,1,marked
b1-c4-s2-q22,Copy of Book 1.pdf,1,4,2,22,22,161,331,33–34,3,marked
b1-c4-s2-q23,Copy of Book 1.pdf,1,4,2,23,23,162,332,33–34,4,marked
b1-c4-s2-q24,Copy of Book 1.pdf,1,4,2,24,24,162,332,33–34,1,marked
b1-c4-s2-q25,Copy of Book 1.pdf,1,4,2,25,25,162,332,33–34,4,marked
b1-c4-s2-q26,Copy of Book 1.pdf,1,4,2,26,26,162,332,33–34,5,marked
b1-c4-s2-q27,Copy of Book 1.pdf,1,4,2,27,27,163,333,33–34,2,marked
b1-c4-s2-q28,Copy of Book 1.pdf,1,4,2,28,28,163,333,33–34,,unresolved
b1-c4-s2-q29,Copy of Book 1.pdf,1,4,2,29,29,163,333,33–34,4,note
b1-c4-s2-q30,Copy of Book 1.pdf,1,4,2,30,30,163,333,33–34,2,marked
b1-c5-s1-q01,Copy of Book 1.pdf,1,5,1,1,1,185,355,39–40,2,marked
b1-c5-s1-q02,Copy of Book 1.pdf,1,5,1,2,2,185,355,39–40,1,marked
b1-c5-s1-q03,Copy of Book 1.pdf,1,5,1,3,3,185,355,39–40,2,marked
b1-c5-s1-q04,Copy of Book 1.pdf,1,5,1,4,4,186,356,39–40,3,marked
b1-c5-s1-q05,Copy of Book 1.pdf,1,5,1,5,5,186,356,39–40,4,disputed
b1-c5-s1-q06,Copy of Book 1.pdf,1,5,1,6,6,186,356,39–40,2,marked
b1-c5-s1-q07,Copy of Book 1.pdf,1,5,1,7,7,186,356,39–40,5,marked
b1-c5-s1-q08,Copy of Book 1.pdf,1,5,1,8,8,187,357,39–40,3,marked
b1-c5-s1-q09,Copy of Book 1.pdf,1,5,1,9,9,187,357,39–40,2,marked
b1-c5-s1-q10,Copy of Book 1.pdf,1,5,1,10,10,187,357,39–40,2,marked
b1-c5-s1-q11,Copy of Book 1.pdf,1,5,1,11,11,187,357,39–40,1,marked
b1-c5-s1-q12,Copy of Book 1.pdf,1,5,1,12,12,188,358,39–40,1,marked
b1-c5-s1-q13,Copy of Book 1.pdf,1,5,1,13,13,188,358,39–40,2,marked
b1-c5-s1-q14,Copy of Book 1.pdf,1,5,1,14,14,188,358,39–40,2,marked
b1-c5-s1-q15,Copy of Book 1.pdf,1,5,1,15,15,188,358,39–40,3,marked
b1-c5-s1-q16,Copy of Book 1.pdf,1,5,1,16,16,188,358,39–40,3,marked
b1-c5-s1-q17,Copy of Book 1.pdf,1,5,1,17,17,189,359,39–40,1,marked
b1-c5-s1-q18,Copy of Book 1.pdf,1,5,1,18,18,189,359,39–40,5,marked
b1-c5-s1-q19,Copy of Book 1.pdf,1,5,1,19,19,189,359,39–40,1,disputed
b1-c5-s1-q20,Copy of Book 1.pdf,1,5,1,20,20,189,359,39–40,2,marked
b1-c5-s1-q21,Copy of Book 1.pdf,1,5,1,21,21,190,360,39–40,1,marked
b1-c5-s1-q22,Copy of Book 1.pdf,1,5,1,22,22,190,360,39–40,2,marked
b1-c5-s1-q23,Copy of Book 1.pdf,1,5,1,23,23,190,360,39–40,1,marked
b1-c5-s1-q24,Copy of Book 1.pdf,1,5,1,24,24,190,360,39–40,3,marked
b1-c5-s1-q25,Copy of Book 1.pdf,1,5,1,25,25,191,361,39–40,4,marked
b1-c5-s1-q26,Copy of Book 1.pdf,1,5,1,26,26,191,361,39–40,5,note
b1-c5-s1-q27,Copy of Book 1.pdf,1,5,1,27,27,191,361,39–40,1,marked
b1-c5-s1-q28,Copy of Book 1.pdf,1,5,1,28,28,191,361,39–40,2,marked
b1-c5-s1-q29,Copy of Book 1.pdf,1,5,1,29,29,191,361,39–40,1,marked
b1-c5-s1-q30,Copy of Book 1.pdf,1,5,1,30,30,192,362,39–40,5,marked
b1-c5-s2-q01,Copy of Book 1.pdf,1,5,2,1,1,193,363,40–41,4,marked
b1-c5-s2-q02,Copy of Book 1.pdf,1,5,2,2,2,193,363,40–41,3,marked
b1-c5-s2-q03,Copy of Book 1.pdf,1,5,2,3,3,193,363,40–41,2,marked
b1-c5-s2-q04,Copy of Book 1.pdf,1,5,2,4,4,193,363,40–41,1,note
b1-c5-s2-q05,Copy of Book 1.pdf,1,5,2,5,5,194,364,40–41,2,marked
b1-c5-s2-q06,Copy of Book 1.pdf,1,5,2,6,6,194,364,40–41,3,marked
b1-c5-s2-q07,Copy of Book 1.pdf,1,5,2,7,7,194,364,40–41,4,marked
b1-c5-s2-q08,Copy of Book 1.pdf,1,5,2,8,8,194,364,40–41,5,marked
b1-c5-s2-q09,Copy of Book 1.pdf,1,5,2,9,9,194,364,40–41,2,marked
b1-c5-s2-q10,Copy of Book 1.pdf,1,5,2,10,10,195,365,40–41,1,marked
b1-c5-s2-q11,Copy of Book 1.pdf,1,5,2,11,11,195,365,40–41,2,disputed
b1-c5-s2-q12,Copy of Book 1.pdf,1,5,2,12,12,195,365,40–41,2,note
b1-c5-s2-q13,Copy of Book 1.pdf,1,5,2,13,13,195,365,40–41,3,marked
b1-c5-s2-q14,Copy of Book 1.pdf,1,5,2,14,14,196,366,40–41,5,marked
b1-c5-s2-q15,Copy of Book 1.pdf,1,5,2,15,15,196,366,40–41,5,marked
b1-c5-s2-q16,Copy of Book 1.pdf,1,5,2,16,16,196,366,40–41,3,marked
b1-c5-s2-q17,Copy of Book 1.pdf,1,5,2,17,17,196,366,40–41,1,marked
b1-c5-s2-q18,Copy of Book 1.pdf,1,5,2,18,18,196,366,40–41,5,marked
b1-c5-s2-q19,Copy of Book 1.pdf,1,5,2,19,19,197,367,40–41,2,marked
b1-c5-s2-q20,Copy of Book 1.pdf,1,5,2,20,20,197,367,40–41,4,marked
b1-c5-s2-q21,Copy of Book 1.pdf,1,5,2,21,21,197,367,40–41,2,marked
b1-c5-s2-q22,Copy of Book 1.pdf,1,5,2,22,22,197,367,40–41,3,marked
b1-c5-s2-q23,Copy of Book 1.pdf,1,5,2,23,23,198,368,40–41,4,marked
b1-c5-s2-q24,Copy of Book 1.pdf,1,5,2,24,24,198,368,40–41,1,marked
b1-c5-s2-q25,Copy of Book 1.pdf,1,5,2,25,25,198,368,40–41,4,marked
b1-c5-s2-q26,Copy of Book 1.pdf,1,5,2,26,26,198,368,40–41,5,marked
b1-c5-s2-q27,Copy of Book 1.pdf,1,5,2,27,27,198,368,40–41,1,marked
b1-c5-s2-q28,Copy of Book 1.pdf,1,5,2,28,28,199,369,40–41,5,marked
b1-c5-s2-q29,Copy of Book 1.pdf,1,5,2,29,29,199,369,40–41,4,marked
b1-c5-s2-q30,Copy of Book 1.pdf,1,5,2,30,30,199,369,40–41,2,marked
